gk_oage,defense_oage,attack_oage,gk_mkt,defense_mkt,attack_mkt,gk_omkt,defense_omkt,attack_omkt,total_oage,total_mkt,total_omkt,Name
31.25,25.46,22.55,€33.00m,€274.00m,€283.00m,€8.25m,€21.08m,€25.73m,25.34,€814.80m,€21.44m,Man Utd
27.25,26.27,24.70,€40.50m,€281.20m,€323.00m,€10.13m,€25.56m,€32.30m,25.67,€927.70m,€28.11m,Chelsea
27.00,24.67,23.43,€48.00m,€310.00m,€359.00m,€24.00m,€34.44m,€51.29m,25.11,€976.00m,€36.15m,Arsenal
30.00,25.90,27.00,€47.80m,€241.00m,€328.00m,€15.93m,€24.10m,€54.67m,26.83,€805.30m,€26.84m,Liverpool
34.67,27.20,25.67,€22.95m,€118.00m,€80.50m,€7.65m,€11.80m,€13.42m,27.48,€334.45m,€13.38m,Everton
28.50,29.00,24.67,€30.50m,€132.80m,€147.80m,€7.63m,€14.76m,€16.42m,26.59,€474.10m,€16.35m,Aston Villa
26.00,24.45,23.29,€3.25m,€20.65m,€30.00m,€1.08m,€1.88m,€4.29m,24.19,€69.65m,€2.58m,Blackburn
22.00,25.89,25.83,€450k,€3.10m,€2.05m,€450k,€344k,€342k,25.36,€8.25m,€330k,Portsmouth
31.00,26.67,25.40,€52.70m,€271.00m,€445.00m,€13.18m,€30.11m,€89.00m,27.08,€1.09bn,€43.43m,Man City
34.00,28.75,27.67,€8.90m,€108.10m,€116.00m,€4.45m,€13.51m,€19.33m,28.04,€441.80m,€19.21m,West Ham
29.75,26.25,27.33,€5.30m,€185.00m,€269.00m,€1.33m,€23.13m,€44.83m,26.84,€617.30m,€24.69m,Tottenham
31.60,27.92,26.86,€24.00m,€107.90m,€206.00m,€4.80m,€8.30m,€29.43m,27.74,€527.90m,€15.53m,Newcastle
30.33,27.50,23.40,€1.25m,€22.10m,€19.90m,€417k,€2.21m,€3.98m,26.87,€53.50m,€2.33m,Middlesbrough
33.50,27.67,27.57,€450k,€5.75m,€3.95m,€225k,€639k,€564k,28.04,€15.10m,€559k,Wigan
24.00,24.13,23.43,€7.25m,€9.50m,€22.05m,€3.63m,€1.19m,€3.15m,24.15,€53.65m,€1.99m,Sunderland
24.50,25.43,29.25,€200k,€2.88m,€2.93m,€100k,€411k,€366k,27.09,€8.30m,€361k,Bolton
28.50,28.11,27.88,€15.00m,€73.80m,€78.90m,€7.50m,€8.20m,€9.86m,27.88,€265.20m,€10.20m,Fulham
28.50,26.22,28.88,€750k,€11.00m,€5.70m,€375k,€1.22m,€713k,26.96,€22.65m,€944k,Reading
34.50,28.00,29.33,€800k,€4.70m,€6.70m,€400k,€588k,€1.12m,27.14,€29.10m,€1.32m,Birmingham
31.00,28.71,31.75,€450k,€2.68m,€1.60m,€225k,€382k,€400k,28.25,€18.58m,€929k,Derby
